Name,"Publish Date","Expired Date","Log Status",Description
"test leasing special",08/28/2018,09/13/2018,Updated,"Lorem ipsum dolor sit amet, consectetur adipiscing elit, sed do eiusmod tempor incididunt ut labore et dolore magna aliqua. Ultricies lacus sed turpis tincidunt id aliquet risus feugiat in. Id porta nibh venenatis cras sed. Tincidunt lobortis feugiat vivamus at. Duis ut diam quam nulla porttitor massa id neque. Accumsan sit amet nulla facilisi morbi. Id porta nibh venenatis cras sed felis. At consectetur lorem donec massa sapien faucibus et. Diam quis enim lobortis scelerisque fermentum dui. Eget lorem dolor sed viverra ipsum nunc. Scelerisque purus semper eget duis at tellus at urna condimentum. Leo a diam sollicitudin tempor id eu. Sed egestas egestas fringilla phasellus. Risus sed vulputate odio ut enim blandit. Urna condimentum mattis pellentesque id nibh. Consectetur lorem donec massa sapien faucibus et molestie ac feugiat.

Sed nisi lacus sed viverra tellus in hac habitasse. Viverra ipsum nunc aliquet bibendum enim facilisis gravida neque. Elementum pulvinar etiam non quam. Vulputate eu scelerisque felis imperdiet. Sem viverra aliquet eget sit amet tellus cras adipiscing enim. Tristique nulla aliquet enim tortor. Venenatis urna cursus eget nunc scelerisque. Dignissim sodales ut eu sem integer vitae. Non blandit massa enim nec. Phasellus egestas tellus rutrum tellus pellentesque. Habitasse platea dictumst quisque sagittis purus. Sit amet mauris commodo quis. Aliquam sem et tortor consequat id porta nibh venenatis cras. Ullamcorper velit sed ullamcorper morbi. Aliquam id diam maecenas ultricies mi eget mauris pharetra. Porttitor massa id neque aliquam vestibulum morbi. Volutpat ac tincidunt vitae semper. Ornare arcu dui vivamus arcu felis bibendum ut tristique et.

Vivamus at augue eget arcu dictum varius duis at consectetur. Ultricies integer quis auctor elit sed vulputate mi. Blandit massa enim nec dui nunc mattis enim ut tellus. Quam elementum pulvinar etiam non quam lacus suspendisse faucibus interdum. In cursus turpis massa tincidunt. Est sit amet facilisis magna etiam tempor orci eu. Magna fringilla urna porttitor rhoncus dolor purus non enim. Ipsum dolor sit amet consectetur adipiscing elit ut aliquam. Velit sed ullamcorper morbi tincidunt ornare massa eget egestas purus. Ac auctor augue mauris augue neque gravida in. Egestas congue quisque egestas diam in arcu cursus euismod quis. Pulvinar pellentesque habitant morbi tristique senectus et netus et malesuada. Nam at lectus urna duis convallis convallis. Facilisis volutpat est velit egestas dui id ornare arcu. Tortor condimentum lacinia quis vel eros.

Id aliquet lectus proin nibh nisl. Sit amet consectetur adipiscing elit. Sollicitudin aliquam ultrices sagittis orci a scelerisque purus semper. Porta lorem mollis aliquam ut porttitor leo a diam sollicitudin. Consequat mauris nunc congue nisi vitae suscipit. Magna ac placerat vestibulum lectus mauris ultrices. Cursus sit amet dictum sit amet. Tristique nulla aliquet enim tortor. Risus nec feugiat in fermentum posuere. Senectus et netus et malesuada fames ac. Nisl nunc mi ipsum faucibus vitae aliquet nec ullamcorper. Gravida arcu ac tortor dignissim. Purus sit amet luctus venenatis. Cursus euismod quis viverra nibh cras. Pellentesque dignissim enim sit amet venenatis urna. Morbi tristique senectus et netus et malesuada fames ac. At volutpat diam ut venenatis tellus in metus. Augue lacus viverra vitae congue eu consequat.

Vestibulum morbi blandit cursus risus at ultrices mi. Viverra adipiscing at in tellus. Quis commodo odio aenean sed adipiscing diam donec adipiscing. Habitant morbi tristique senectus et netus et malesuada fames. Pharetra convallis posuere morbi leo urna molestie. Elementum integer enim neque volutpat ac tincidunt vitae. Facilisis sed odio morbi quis commodo odio aenean sed adipiscing. Venenatis cras sed felis eget velit aliquet sagittis id. Ultricies leo integer malesuada nunc vel risus commodo viverra. Est velit egestas dui id ornare arcu. Id ornare arcu odio ut sem nulla pharetra diam. Eget nunc lobortis mattis aliquam."
"Custom LEasing",08/16/2018,08/24/2018,expired,"This is custom leasing option has been updated."
"Custom LEasing",08/16/2018,08/24/2018,Updated,"This is custom leasing option."
"Add a ttitle",01/27/2018,02/15/2018,expired,"&nbsp;

Add any text that we might to appearing"
"Free T-Shirt when You Sign Up With The Below Apartments",12/07/2017,02/16/2018,expired,"<h1> Huge Discount!!</h1>
Praesent sed gravida neque. Pellentesque ac urna tincidunt, venenatis justo non, imperdiet magna. Pellentesque tempor, velit a iaculis mollis, turpis est accumsan tortor, vel vestibulum erat nunc sed lectus. Morbi ut rutrum tellus. Vestibulum eu pretium orci. Vestibulum ut ultricies felis. Etiam vitae condimentum metus, ut imperdiet ante. Integer id nisi ante. Phasellus sit amet leo metus.

Vestibulum luctus magna in risus faucibus luctus. Curabitur eu justo sodales, auctor magna sit amet, dapibus metus. Aenean et volutpat ex. Etiam quam leo, lacinia in velit vel, bibendum tempor erat. Mauris efficitur tortor mi, at eleifend ante lacinia ac. Nullam quis felis lorem. Curabitur in ultrices nulla, non eleifend turpis. Morbi vel dui ante. Donec elit diam, blandit non ex congue, pulvinar semper felis. Donec lobortis nec leo nec mollis. Nunc arcu leo, tempor vitae molestie eget, laoreet id dolor. Donec egestas est nec orci aliquam, non ultrices nibh sollicitudin. Nunc luctus volutpat blandit. Cras suscipit lacinia eros ac ornare. Aenean hendrerit, ipsum vel interdum efficitur, lectus justo molestie urna, ac laoreet mi ligula non ex. Cras lobortis convallis est, vel dapibus nisi pellentesque commodo."
"First Month&#8217;s Rent Free!!",10/02/2017,02/07/2018,expired,"<p style=""text-align: left""> Â Interieur architectuur herbestemming oude school.
Lorem ipsum dolor sit amet, consectetur adipiscing elit.</p>
Sed tincidunt turpis id elit semper iaculis. Curabitur lacinia nisl quis cursus vehicula. Vivamus id placerat tortor.

&nbsp;"
